_id,repo_name,filename,html_url,star_count,fork_count,created_at,updated_at,pushed_at,num_commits,num_committers,num_issues,num_issues_submitters,num_issues_comments,num_issues_commenters,num_gov_commits,num_gov_committers,language,lines,tokens,occurrences
62547e91a67705b3d7ed9db7,grpc/grpc-go,GOVERNANCE.md,https://github.com/grpc/grpc-go/blob/87eb5b7502493f758e76c4d09430c0049a81a557/GOVERNANCE.md,15416,3444,2014-12-08T18:59:34.000Z,2022-02-24T03:13:25.000Z,2022-02-24 1:29:33,4120,330,1887,1050,5594,983,1,1,Go,22891.0,149120.0,2317.0
62547e91a67705b3d7ed9db8,grpc/grpc-java,GOVERNANCE.md,https://github.com/grpc/grpc-java/blob/d4fa0ecc07495097453b0a2848765f076b9e714c/GOVERNANCE.md,9455,3255,2014-12-08T19:00:00.000Z,2022-02-24T03:15:19.000Z,2022-02-23 21:56:47,5264,274,2843,1164,9056,1094,1,1,Java,24313.0,152476.0,1685.0
62547e91a67705b3d7ed9dbd,google/gvisor,GOVERNANCE.md,https://github.com/google/gvisor/blob/108410638aa8480e82933870ba8279133f543d2b/GOVERNANCE.md,12465,1024,2018-04-26T21:28:49.000Z,2022-02-24T02:45:44.000Z,2022-02-24 3:26:00,6541,188,1335,298,2308,336,1,1,Go,16535.0,103209.0,1614.0
62547e91a67705b3d7ed9dc2,appium/appium,GOVERNANCE.md,https://github.com/appium/appium/blob/1e30207ec4e413c64396420fbb0388392e88cc54/GOVERNANCE.md,14740,5507,2013-01-09T22:49:50.000Z,2022-02-24T02:49:28.000Z,2022-02-23 23:47:20,7356,369,12328,5496,61385,6480,6,4,JavaScript,127.0,1090.0,14.0
62547e91a67705b3d7ed9dc3,InsightSoftwareConsortium/ITK,GOVERNANCE.md,https://github.com/InsightSoftwareConsortium/ITK/blob/047fa6934ac32711d1d7b84fa6eb81c72db01960/GOVERNANCE.md,973,565,2010-07-27T15:48:04.000Z,2022-02-23T12:37:26.000Z,2022-02-24 2:20:12,53786,404,710,172,2289,153,2,2,C++,213807.0,1195115.0,15302.0
62547e91a67705b3d7ed9dcd,upbound/crossplane,GOVERNANCE.md,https://github.com/upbound/crossplane/blob/92ded31c47bd978fe4c28501ee5f4ab474368bc4/GOVERNANCE.md,5,3,2021-01-13T03:24:05.000Z,2021-11-26T15:10:34.000Z,2022-02-15 21:03:46,3763,99,2,2,0,0,4,3,Go,18459.0,103548.0,1387.0
62547e91a67705b3d7ed9dd9,clming/grafana,GOVERNANCE.md,https://github.com/clming/grafana/blob/7417ff015dc4c4867a26772f71894a07a939eb48/GOVERNANCE.md,1,0,2020-07-22T12:54:14.000Z,2021-05-01T16:26:31.000Z,2022-02-10 23:34:32,25917,1288,1,1,0,0,8,4,TypeScript,5843.0,48775.0,618.0
62547e91a67705b3d7ed9df0,webdriverio-boneyard/v4,GOVERNANCE.md,https://github.com/webdriverio-boneyard/v4/blob/f7c7870d03070e645acb952df20751717a2f645b/GOVERNANCE.md,7,20,2018-12-10T11:04:03.000Z,2020-03-12T09:36:02.000Z,2019-08-21 17:53:04,3213,381,18,6,27,4,1,1,JavaScript,116.0,526.0,8.0
62547e91a67705b3d7ed9df5,umple/umple,GOVERNANCE.md,https://github.com/umple/umple/blob/dba0a5744fbf45c0d7a167bd9371de6ab1c5c0ef/GOVERNANCE.md,174,185,2015-08-26T01:29:27.000Z,2022-02-14T19:39:43.000Z,2022-02-23 22:21:47,6073,101,1091,69,3124,59,1,1,Java,100156.0,408192.0,4564.0
62547e91a67705b3d7ed9dfc,containernetworking/cni,GOVERNANCE.md,https://github.com/containernetworking/cni/blob/8b25a7bf9e4a70b306074b704aaf39910d6d1dd8/GOVERNANCE.md,4029,889,2015-04-05T03:35:49.000Z,2022-02-24T03:44:17.000Z,2022-02-23 16:42:06,1042,149,333,173,937,176,2,1,Go,567.0,3362.0,53.0
62547e91a67705b3d7ed9dfe,opensourcedesign/opensourcedesign.github.io,governance.md,https://github.com/opensourcedesign/opensourcedesign.github.io/blob/56f0a86a3014c49afbeeb784c98abbe7652f46ba/governance.md,273,141,2015-02-08T18:12:40.000Z,2022-02-14T19:51:52.000Z,2022-02-21 9:54:54,764,79,142,55,585,74,4,3,HTML,0.0,0.0,0.0
62547e91a67705b3d7ed9dff,distribution/distribution,GOVERNANCE.md,https://github.com/distribution/distribution/blob/6affafd1f030087d88f88841bf66a8abe2bf4d24/GOVERNANCE.md,6579,2063,2014-12-22T23:49:26.000Z,2022-02-24T03:48:36.000Z,2022-02-23 8:59:59,4614,471,1906,1260,5794,1415,3,2,Go,294204.0,2045754.0,18903.0
62547e91a67705b3d7ed9e05,restic/restic,GOVERNANCE.md,https://github.com/restic/restic/blob/74c0607c9222edec3b0c140bb6fee962d6d2e82d/GOVERNANCE.md,15751,1078,2014-04-27T14:07:58.000Z,2022-02-24T07:02:03.000Z,2022-02-20 20:44:36,5781,319,2049,1062,9894,1335,1,1,Go,448.0,2777.0,48.0
62547e91a67705b3d7ed9e0a,forseti-security/terraform-google-forseti,GOVERNANCE.md,https://github.com/forseti-security/terraform-google-forseti/blob/36ee8d9ec82adb26afc992b015957259abf0b3f5/GOVERNANCE.md,126,125,2018-07-03T12:25:12.000Z,2022-01-28T11:43:23.000Z,2022-02-17 15:59:27,997,56,234,71,483,53,1,1,HCL,0.0,0.0,0.0
62547e91a67705b3d7ed9e23,nodejs/iojs.org,GOVERNANCE.md,https://github.com/nodejs/iojs.org/blob/11782a7cc0bb4abe16011fdfa90f8711517e42e1/GOVERNANCE.md,209,136,2014-11-26T21:23:00.000Z,2022-02-06T10:21:20.000Z,2017-05-25 3:32:26,731,100,174,70,1459,274,4,2,JavaScript,0.0,0.0,0.0
62547e91a67705b3d7ed9e26,crossplane/crossplane,GOVERNANCE.md,https://github.com/crossplane/crossplane/blob/d04a059fe341a941760a3a94ef07085ae7158365/GOVERNANCE.md,4694,464,2018-09-08T00:10:35.000Z,2022-02-24T08:15:05.000Z,2022-02-23 7:48:51,3860,104,1259,176,2714,200,8,4,Go,19464.0,108940.0,1476.0
62547e91a67705b3d7ed9e27,nodejs/ecmascript-modules,GOVERNANCE.md,https://github.com/nodejs/ecmascript-modules/blob/c849f2d4f8ff19c830b6a97bd6978bf41f878e8b/GOVERNANCE.md,71,22,2018-08-22T19:18:29.000Z,2021-05-17T16:54:23.000Z,2020-04-08 20:20:28,30158,3108,11,7,34,10,46,15,JavaScript,0.0,0.0,0.0
62547e91a67705b3d7ed9e43,nats-io/nats-site,GOVERNANCE.md,https://github.com/nats-io/nats-site/blob/897b6087d7d6dde83f7e6cbac94f2e4ee5597f7e/GOVERNANCE.md,72,124,2015-10-08T18:34:13.000Z,2022-02-18T03:31:19.000Z,2022-02-16 18:42:14,1928,101,64,34,93,23,1,1,Markdown,0.0,0.0,0.0
62547e91a67705b3d7ed9e50,cubeFS/cubefs,GOVERNANCE.md,https://github.com/cubeFS/cubefs/blob/d80ff216deade0c86b38d557245f3dd8ded790a8/GOVERNANCE.md,2524,335,2019-02-19T03:15:04.000Z,2022-02-24T06:38:53.000Z,2022-02-23 12:01:16,1789,65,274,68,322,46,2,2,Go,228179.0,1518759.0,9940.0
62547e91a67705b3d7ed9e53,cortexproject/cortex,GOVERNANCE.md,https://github.com/cortexproject/cortex/blob/94b0137e7133652f32a6ca641510b8c4c861791e/GOVERNANCE.md,4587,651,2016-09-09T11:23:12.000Z,2022-02-23T14:39:05.000Z,2022-02-24 6:44:02,4345,231,1523,379,3767,319,2,2,Go,361581.0,2419109.0,21932.0
62547e91a67705b3d7ed9e5f,telepresenceio/telepresence,GOVERNANCE.md,https://github.com/telepresenceio/telepresence/blob/df66a1df541994de9cf8384604bfb146eecf1560/GOVERNANCE.md,4702,365,2017-02-23T14:07:34.000Z,2022-02-23T21:54:45.000Z,2022-02-24 0:30:15,5842,55,1421,837,3011,643,1,1,Go,787.0,13437.0,248.0
62547e91a67705b3d7ed9e62,rook/cassandra,GOVERNANCE.md,https://github.com/rook/cassandra/blob/33558fba3d75ea7c8c657d85ddc9fb9de7c542c2/GOVERNANCE.md,5,3,2021-08-27T16:06:44.000Z,2022-02-22T18:00:10.000Z,2022-02-17 16:09:51,7438,380,18,12,101,19,3,2,Go,35.0,264.0,4.0
62547e91a67705b3d7ed9e63,rook/nfs,GOVERNANCE.md,https://github.com/rook/nfs/blob/33558fba3d75ea7c8c657d85ddc9fb9de7c542c2/GOVERNANCE.md,10,7,2021-08-27T16:10:53.000Z,2022-02-03T23:56:06.000Z,2022-02-22 19:29:41,2700,132,26,24,57,26,3,2,Go,100.0,577.0,8.0
62547e91a67705b3d7ed9e8e,etcd-io/etcd,GOVERNANCE.md,https://github.com/etcd-io/etcd/blob/e2d67f2e3bfa6f72178e26557bb22cc1482c418c/GOVERNANCE.md,38904,8350,2013-07-06T21:57:21.000Z,2022-02-24T09:40:45.000Z,2022-02-24 9:36:56,17793,798,5718,2505,19687,2418,2,1,Go,9941.0,58179.0,1870.0
62547e91a67705b3d7ed9eab,trickstercache/trickster,GOVERNANCE.md,https://github.com/trickstercache/trickster/blob/a5a713e912dda1d2c1dd6b4e013e2656323129bf/GOVERNANCE.md,1649,157,2018-03-29T20:31:44.000Z,2022-02-24T11:05:55.000Z,2022-01-28 13:29:33,905,63,198,94,574,86,2,1,Go,262362.0,1724687.0,12326.0
62547e91a67705b3d7ed9ec8,keylime/keylime,GOVERNANCE.md,https://github.com/keylime/keylime/blob/7a06a3676e6e2e9d9ed2c1634cac9a57f9bc0baa/GOVERNANCE.md,208,79,2016-10-19T13:25:46.000Z,2022-02-23T08:55:20.000Z,2022-02-23 20:08:53,973,51,335,46,1133,53,3,2,Python,249.0,1263.0,18.0
62547e91a67705b3d7ed9ee7,nodejs/worker,GOVERNANCE.md,https://github.com/nodejs/worker/blob/eebc2622781d62125cd37a1c5ad06f26ba0a117f/GOVERNANCE.md,83,21,2017-05-23T19:30:38.000Z,2022-02-05T16:45:55.000Z,2017-05-23 19:38:07,17555,1563,6,4,184,44,19,8,JavaScript,0.0,0.0,0.0
62547e91a67705b3d7ed9efa,char0n/ramda-adjunct,GOVERNANCE.md,https://github.com/char0n/ramda-adjunct/blob/fe8331ea6d63aa8db8302f6730f11fa7d840df00/GOVERNANCE.md,612,84,2017-02-07T23:01:37.000Z,2022-02-16T22:54:48.000Z,2022-02-22 8:28:54,2351,70,475,30,1141,63,1,1,JavaScript,281.0,3985.0,26.0
62547e91a67705b3d7ed9f04,grpc/grpc-web,GOVERNANCE.md,https://github.com/grpc/grpc-web/blob/35c16a9e4e113b65966e159dc879bc452c00526c/GOVERNANCE.md,6342,611,2016-06-20T17:34:33.000Z,2022-02-24T12:33:32.000Z,2022-02-18 21:43:44,853,101,633,474,1683,524,1,1,JavaScript,84.0,434.0,8.0
62547e91a67705b3d7ed9f06,JaneaSystems/nodejs-mobile,GOVERNANCE.md,https://github.com/JaneaSystems/nodejs-mobile/blob/c8ed4167f58fd3dc35b508fa7018497a908751b5/GOVERNANCE.md,2394,184,2017-08-24T13:43:56.000Z,2022-02-19T17:41:11.000Z,2021-10-27 9:42:35,30840,3182,334,246,1056,245,49,16,JavaScript,0.0,0.0,0.0
62547e91a67705b3d7ed9f07,ayojs/ayo,GOVERNANCE.md,https://github.com/ayojs/ayo/blob/45a1c8cf6384f5bcc81d834343c3ed9d78b97df3/GOVERNANCE.md,1687,95,2017-08-21T22:28:13.000Z,2022-01-16T11:57:03.000Z,2018-08-02 15:00:32,19649,1979,57,42,314,79,26,11,JavaScript,0.0,0.0,0.0
62547e91a67705b3d7ed9f0a,nodejs/wasi,GOVERNANCE.md,https://github.com/nodejs/wasi/blob/246651821ca7baf8b25f277c5bb0b5a9c9a944fd/GOVERNANCE.md,31,9,2019-08-10T21:02:56.000Z,2021-09-20T19:07:24.000Z,2019-11-06 5:12:03,13600,1969,4,3,9,4,43,13,JavaScript,0.0,0.0,0.0
62547e91a67705b3d7ed9f0b,nodejs/ffi,GOVERNANCE.md,https://github.com/nodejs/ffi/blob/5ff00dbdbce9cf531b511fe146f581eb0fc177ac/GOVERNANCE.md,4,11,2017-07-28T16:50:47.000Z,2020-01-24T20:05:09.000Z,2019-08-19 13:17:57,27933,2904,2,2,1,1,42,12,JavaScript,0.0,0.0,0.0
62547e91a67705b3d7ed9f12,chakra-ui/chakra-ui,GOVERNANCE.md,https://github.com/chakra-ui/chakra-ui/blob/e8b0b1b1443e3aec812ef1eed7f80b32eec2cc69/GOVERNANCE.md,24249,2092,2019-08-17T14:27:54.000Z,2022-02-24T12:19:42.000Z,2022-02-23 23:48:37,7948,517,2458,1332,6521,1575,1,1,TypeScript,5296.0,19955.0,183.0
62547e91a67705b3d7ed9f16,StackStorm/st2,GOVERNANCE.md,https://github.com/StackStorm/st2/blob/f345c5084770b09220142d731b9c296fd3534e7b/GOVERNANCE.md,4682,643,2014-04-23T00:51:34.000Z,2022-02-22T14:37:02.000Z,2022-02-18 9:59:50,6500,87,1418,409,3781,330,9,3,Python,9303.0,52093.0,825.0
62547e91a67705b3d7ed9f17,Golden007Credentials/https-github.com-Golden007Credentials-node,GOVERNANCE.md,https://github.com/Golden007Credentials/https-github.com-Golden007Credentials-node/blob/ce72cd779a13653163ffea06bd7f56d12903f4ce/GOVERNANCE.md,0,0,2019-11-03T04:01:29.000Z,2022-02-09T23:30:52.000Z,2021-09-07 23:35:04,9300,1345,3,1,2,1,43,13,JavaScript,0.0,0.0,0.0
62547e91a67705b3d7ed9f2e,alibaba/AliOS-nodejs,GOVERNANCE.md,https://github.com/alibaba/AliOS-nodejs/blob/a465b9ffaa3d0a5d99e932a01e4befd8252f7301/GOVERNANCE.md,62,16,2017-12-12T03:15:15.000Z,2021-11-28T15:46:30.000Z,2018-05-16 11:37:06,19969,2052,1,1,0,0,24,9,JavaScript,0.0,0.0,0.0
62547e91a67705b3d7ed9f37,teamhephy/distribution,GOVERNANCE.md,https://github.com/teamhephy/distribution/blob/c77f65b80cb8579cde5e2ba38fdeb92c08827698/GOVERNANCE.md,0,3,2017-09-07T20:31:25.000Z,2020-04-28T17:44:25.000Z,2020-04-29 14:15:33,2811,269,1,1,0,0,1,1,Go,245764.0,1094625.0,9365.0
62547e91a67705b3d7ed9f47,IBM/ibm-crossplane,GOVERNANCE.md,https://github.com/IBM/ibm-crossplane/blob/850698c1819907dada847916bc30c7f5044527bd/GOVERNANCE.md,4,1,2021-01-14T15:51:26.000Z,2022-01-20T20:16:26.000Z,2022-02-17 9:42:59,3056,62,1,1,0,0,4,4,Go,7832.0,41295.0,478.0
62547e91a67705b3d7ed9f59,grpc/grpc-node,GOVERNANCE.md,https://github.com/grpc/grpc-node/blob/bf2e5cb1dd25e43f53605d8de2b8e082072ec23e/GOVERNANCE.md,3303,468,2017-08-02T18:20:33.000Z,2022-02-22T12:03:59.000Z,2022-02-23 19:39:56,3838,158,868,624,3493,882,1,1,TypeScript,5637.0,31389.0,392.0
62547e91a67705b3d7ed9f66,grpc/grpc.io,GOVERNANCE.md,https://github.com/grpc/grpc.io/blob/e55f596f83edd55fd3b458286fc228bfcf0bc011/GOVERNANCE.md,289,279,2019-04-23T00:01:50.000Z,2022-02-19T18:00:12.000Z,2022-02-19 4:49:50,737,90,335,97,376,71,2,2,HTML,0.0,0.0,0.0
62547e91a67705b3d7ed9f68,newmuis/amphtml-story,GOVERNANCE.md,https://github.com/newmuis/amphtml-story/blob/f74d6b7dfffa5478cb93560771a02da46d837bd2/GOVERNANCE.md,12,1,2017-04-12T16:03:37.000Z,2018-12-12T20:23:46.000Z,2017-11-22 20:37:18,7052,424,70,6,60,5,4,3,JavaScript,9718.0,79481.0,862.0
62547e91a67705b3d7ed9f81,Samsung/node-jerryscript,GOVERNANCE.md,https://github.com/Samsung/node-jerryscript/blob/12dbe258e8792f0fc9492808819af3943dbd119d/GOVERNANCE.md,25,16,2019-10-01T06:33:58.000Z,2022-02-18T17:53:59.000Z,2022-01-15 2:00:42,21081,2219,5,3,12,6,26,11,JavaScript,0.0,0.0,0.0
62547e91a67705b3d7ed9f85,knative/community,GOVERNANCE.md,https://github.com/knative/community/blob/17debd2a1727709a47e8763a9e68b56f1a2f5fb1/GOVERNANCE.md,156,169,2019-05-07T21:04:31.000Z,2022-02-14T07:17:30.000Z,2022-02-23 18:34:40,643,141,264,70,1122,96,1,1,Go,229.0,1035.0,17.0
62547e91a67705b3d7ed9f89,kumahq/kuma,GOVERNANCE.md,https://github.com/kumahq/kuma/blob/6c6224880eefddfe01533a0ebba9940b1eceead2/GOVERNANCE.md,2607,215,2019-03-13T13:20:13.000Z,2022-02-23T22:33:53.000Z,2022-02-24 13:16:24,2670,59,965,142,1755,131,3,2,Go,20206.0,139785.0,2441.0
62547e91a67705b3d7ed9f93,grpc/grpc-swift,GOVERNANCE.md,https://github.com/grpc/grpc-swift/blob/baa4c3cd1cc8324df72789fd073e17938cc7da82/GOVERNANCE.md,1471,318,2016-09-21T17:35:31.000Z,2022-02-18T04:09:06.000Z,2022-02-16 14:01:35,1410,82,523,276,1858,238,1,1,Swift,1763.0,10048.0,147.0
62547e91a67705b3d7ed9f9a,LunarG/VulkanTools,GOVERNANCE.md,https://github.com/LunarG/VulkanTools/blob/e6c033f1b8ddba057e5f19f6c9b912e4a670f736/GOVERNANCE.md,517,143,2016-01-29T21:13:46.000Z,2022-02-16T17:38:25.000Z,2022-02-24 12:05:14,11665,187,484,107,924,90,7,2,C++,48379.0,436467.0,21597.0
62547e91a67705b3d7ed9fc1,open-policy-agent/opa,GOVERNANCE.md,https://github.com/open-policy-agent/opa/blob/27c8d75d3528dc8a04e716d5455f97ee7fb537bc/GOVERNANCE.md,6270,821,2015-12-28T22:08:25.000Z,2022-02-24T14:42:06.000Z,2022-02-24 13:45:58,3792,268,1795,552,4097,503,3,1,Go,257824.0,1747556.0,11141.0
62547e91a67705b3d7ed9fc2,LiskArchive/lisk-node,GOVERNANCE.md,https://github.com/LiskArchive/lisk-node/blob/27d113634b5526860d1a02bcccf102cecde2838c/GOVERNANCE.md,10,6,2016-01-17T11:27:31.000Z,2020-11-02T12:18:15.000Z,2017-08-01 15:19:23,16276,1482,9,7,11,4,19,8,JavaScript,0.0,0.0,0.0
62547e91a67705b3d7ed9fc5,kopia/kopia,GOVERNANCE.md,https://github.com/kopia/kopia/blob/e0e7f66a90e6c25120fb3dcd4db1df223041147e/GOVERNANCE.md,1484,104,2015-12-19T22:47:14.000Z,2022-02-24T15:01:05.000Z,2022-02-23 17:07:18,2236,57,567,221,1219,166,4,1,Go,2012.0,13441.0,209.0
62547e91a67705b3d7ed9fcc,skydive-project/skydive,GOVERNANCE.md,https://github.com/skydive-project/skydive/blob/4fad96218b4b48bce04392ce84b8a5e2e726ddd8/GOVERNANCE.md,2133,376,2015-10-20T14:02:21.000Z,2022-02-21T02:23:22.000Z,2022-01-08 10:18:31,5185,74,638,145,1136,107,1,1,Go,2961.0,17522.0,332.0
62547e91a67705b3d7ed9fcd,getporter/porter,GOVERNANCE.md,https://github.com/getporter/porter/blob/784d61cf283bbd5b9c05a42ea718d3d042803305/GOVERNANCE.md,728,134,2018-11-02T16:34:04.000Z,2022-02-23T22:57:38.000Z,2022-02-24 14:33:35,1914,59,802,90,1340,101,1,1,Go,1058.0,8227.0,137.0
62547e91a67705b3d7ed9fcf,d-ronin/dRonin,Governance.md,https://github.com/d-ronin/dRonin/blob/42b2f803176a2f06be9d05dcde45d0d8756af599/Governance.md,252,157,2015-10-04T01:13:04.000Z,2022-02-12T13:32:02.000Z,2021-09-13 11:52:50,20652,217,797,91,2332,90,3,3,C++,137299.0,489239.0,6734.0
62547e91a67705b3d7ed9fd2,prebid/Prebid.js,governance.md,https://github.com/prebid/Prebid.js/blob/804295aa2dae0484d67891b73fcfc401ef8244f1/governance.md,1071,1609,2015-07-19T03:26:23.000Z,2022-02-19T13:34:13.000Z,2022-02-24 14:07:11,5856,1064,2004,723,6216,675,3,2,JavaScript,100653.0,701738.0,7095.0
62547e91a67705b3d7ed9fd5,deejayy/hl.js,GOVERNANCE.md,https://github.com/deejayy/hl.js/blob/7ba6ae6f690db85c40af06452eeda8c509ace1b3/GOVERNANCE.md,9,1,2015-07-08T17:41:54.000Z,2021-07-10T07:10:05.000Z,2015-07-11 18:19:41,11747,810,1,1,0,0,6,6,JavaScript,0.0,0.0,0.0
62547e91a67705b3d7ed9fda,yarnpkg/berry,GOVERNANCE.md,https://github.com/yarnpkg/berry/blob/8afcaa2a954e196d6cd997f8ba506f776df83b1f/GOVERNANCE.md,4712,708,2018-09-10T22:49:22.000Z,2022-02-24T15:23:24.000Z,2022-02-22 6:55:31,2782,288,1881,1033,5588,1040,1,1,TypeScript,7098.0,103133.0,1462.0
62547e91a67705b3d7ed9fdb,grafana/metrictank,GOVERNANCE.md,https://github.com/grafana/metrictank/blob/cd09d04d4c784beecf3978016cda6695747c003c/GOVERNANCE.md,615,116,2015-02-06T07:44:12.000Z,2022-02-22T09:28:11.000Z,2022-02-10 15:35:32,6472,54,791,47,1924,53,12,3,Go,224237.0,1060173.0,10269.0
62547e91a67705b3d7ed9fdd,litmuschaos/litmus,GOVERNANCE.md,https://github.com/litmuschaos/litmus/blob/567735e093a922b7a72ec5c4228b3e481c9d7aeb/GOVERNANCE.md,2537,457,2017-03-15T07:02:59.000Z,2022-02-24T08:53:50.000Z,2022-02-21 16:30:36,2360,164,1130,215,1685,267,2,1,Go,10708.0,64300.0,1515.0
62547e91a67705b3d7eda021,with-git/node,GOVERNANCE.md,https://github.com/with-git/node/blob/491cc76871c4bf9351ef6246b3cc6948c37d84f9/GOVERNANCE.md,0,1,2017-09-01T05:24:07.000Z,2017-09-01T07:07:55.000Z,2017-09-01 7:33:13,18518,1696,2,2,0,0,22,8,JavaScript,0.0,0.0,0.0
62547e91a67705b3d7eda04d,meshery/meshery,GOVERNANCE.md,https://github.com/meshery/meshery/blob/a811f2e68f01640e9269e1ccc5823c30ad7678ea/GOVERNANCE.md,1234,580,2018-11-14T13:41:00.000Z,2022-02-24T15:01:58.000Z,2022-02-24 15:57:03,12318,331,1857,170,5717,408,3,1,JavaScript,29559.0,233538.0,2798.0
62547e91a67705b3d7eda057,edgexfoundry/edgex-go,GOVERNANCE.md,https://github.com/edgexfoundry/edgex-go/blob/b1bdcd94332d9981d98deb7be6e1abf49d24c93e/GOVERNANCE.md,948,404,2018-01-26T21:37:55.000Z,2022-02-22T16:28:53.000Z,2022-02-22 19:05:18,3788,100,1800,163,2813,125,1,1,Go,4154.0,28053.0,747.0
62547e91a67705b3d7eda063,opencontainers/image-spec,GOVERNANCE.md,https://github.com/opencontainers/image-spec/blob/083f635f2b04f7f340685a1e0c4393a0feec3679/GOVERNANCE.md,1963,377,2016-03-22T19:34:41.000Z,2022-02-23T18:15:30.000Z,2022-02-16 3:04:16,1130,71,252,80,1340,111,4,4,Go,0.0,0.0,0.0
62547e91a67705b3d7eda071,OSGeo/gdal,GOVERNANCE.md,https://github.com/OSGeo/gdal/blob/36f7f1b9aed3526f9354a6589a3c57aa8dcf99d3/GOVERNANCE.md,2943,1667,2012-10-09T21:39:58.000Z,2022-02-24T15:37:29.000Z,2022-02-24 15:01:39,14088,373,2167,1119,5178,795,1,1,C++,58460.0,499506.0,8001.0
62547e91a67705b3d7eda074,AthenZ/athenz,GOVERNANCE.md,https://github.com/AthenZ/athenz/blob/c132f572d539a9c33612f796eb412f626a2ca39e/GOVERNANCE.md,678,226,2016-11-16T18:23:08.000Z,2022-02-20T09:39:21.000Z,2022-02-24 16:34:06,2271,59,185,42,113,26,1,1,Java,31357.0,221998.0,4319.0
62547e91a67705b3d7eda081,avaer/node-android-lib,GOVERNANCE.md,https://github.com/avaer/node-android-lib/blob/eb5e9425ba37085e9bddeaa00dde3b4b33539fe4/GOVERNANCE.md,8,3,2018-01-12T18:31:41.000Z,2020-12-25T11:07:43.000Z,2018-09-16 17:52:43,20890,2165,2,2,1,1,26,11,JavaScript,0.0,0.0,0.0
62547e91a67705b3d7eda085,astrofrog/test-bot,GOVERNANCE.md,https://github.com/astrofrog/test-bot/blob/2fcfc44c326b520fe9a6bed132029ad2575a6091/GOVERNANCE.md,0,0,2017-09-20T02:11:13.000Z,2019-08-01T14:25:28.000Z,2020-01-23 0:41:44,25484,361,4,1,14,4,1,1,Python,3109.0,24803.0,296.0
62547e91a67705b3d7eda08a,mozilla/positron-spidernode,GOVERNANCE.md,https://github.com/mozilla/positron-spidernode/blob/78dff685d3c103966d28ce26c0bc108b2cdd2063/GOVERNANCE.md,2,5,2016-08-09T17:47:36.000Z,2019-06-20T18:14:04.000Z,2019-06-20 18:13:18,15671,1135,3,3,2,2,14,8,JavaScript,0.0,0.0,0.0
62547e91a67705b3d7eda091,mozilla-b2g/platform_external_node,GOVERNANCE.md,https://github.com/mozilla-b2g/platform_external_node/blob/5292a1358f834d4788ab10dbe83bf5ea2d35a54d/GOVERNANCE.md,0,3,2016-06-17T11:19:37.000Z,2021-11-03T14:03:20.000Z,2016-06-23 13:32:14,14138,1063,1,1,0,0,9,8,JavaScript,0.0,0.0,0.0
62547e91a67705b3d7eda092,m3db/m3,GOVERNANCE.md,https://github.com/m3db/m3/blob/18430610ed4501dcef1b8da39291dd6cc527681c/GOVERNANCE.md,3976,389,2016-06-14T20:29:45.000Z,2022-02-23T07:36:02.000Z,2022-02-23 17:04:50,4175,105,613,188,899,154,1,1,Go,45445.0,289673.0,4960.0
62547e91a67705b3d7eda0a1,keptn/keptn,GOVERNANCE.md,https://github.com/keptn/keptn/blob/069dd0f5c7b6f37a3737f4c0c9c7cf07a801b039/GOVERNANCE.md,1180,174,2019-01-21T14:51:48.000Z,2022-02-24T11:06:19.000Z,2022-02-24 15:21:53,7037,92,2791,131,2761,145,5,2,Go,15881.0,83196.0,1347.0
62547e91a67705b3d7eda0a3,nodejs/quic,GOVERNANCE.md,https://github.com/nodejs/quic/blob/5baab3f3a05548d3b51bea98868412b08766e34d/GOVERNANCE.md,275,52,2019-01-17T15:46:30.000Z,2022-02-11T17:45:09.000Z,2020-05-18 22:59:29,30427,3134,102,12,208,22,46,15,JavaScript,0.0,0.0,0.0
62547e91a67705b3d7eda0a4,Azure/SONiC,governance.md,https://github.com/Azure/SONiC/blob/eeebbf6f8a32e5d989595b0816849e8ef0d15141/governance.md,1364,766,2016-02-04T21:55:32.000Z,2022-02-23T18:18:44.000Z,2022-02-24 17:42:20,1121,170,465,241,733,205,3,1,HTML,141.0,215.0,6.0
62547e91a67705b3d7eda0c0,KhronosGroup/Vulkan-Tools,GOVERNANCE.md,https://github.com/KhronosGroup/Vulkan-Tools/blob/1d3ce716dfeff3030c2ee9d75f3e573e582bb4b2/GOVERNANCE.md,202,94,2018-05-03T20:00:01.000Z,2022-02-19T16:57:07.000Z,2022-02-23 20:23:04,7359,199,153,75,259,61,5,2,C++,0.0,0.0,0.0
62547e91a67705b3d7eda0c4,weaveworks/scope,GOVERNANCE.md,https://github.com/weaveworks/scope/blob/082ab6194692b611855d15ee401aa55cf4839167/GOVERNANCE.md,5323,688,2015-04-27T10:12:35.000Z,2022-02-24T04:59:16.000Z,2022-02-23 12:06:25,5934,112,1827,244,3901,234,1,1,Go,389999.0,1774020.0,18545.0
62547e91a67705b3d7eda0c8,contiv/netplugin,GOVERNANCE.md,https://github.com/contiv/netplugin/blob/965773066d2b8ebed3514979949061a03d46fd20/GOVERNANCE.md,505,184,2014-12-22T18:45:21.000Z,2022-02-15T13:08:28.000Z,2020-07-01 0:18:38,2052,63,404,135,909,118,1,1,Go,166653.0,779581.0,9721.0
62547e91a67705b3d7eda0c9,petamaj/nodetracer,GOVERNANCE.md,https://github.com/petamaj/nodetracer/blob/b4c889214838c10436b2bc1056e8eca5b919492e/GOVERNANCE.md,0,0,2018-12-12T18:27:38.000Z,2018-12-12T18:39:55.000Z,2018-12-12 18:39:46,23458,2386,2,1,0,0,27,11,JavaScript,0.0,0.0,0.0
62547e91a67705b3d7eda0cf,JuliaLang/www.julialang.org,governance.md,https://github.com/JuliaLang/www.julialang.org/blob/a2c6d8fb05715727a5157a6b7b1c4582e2969fda/governance.md,252,367,2017-04-08T04:28:25.000Z,2022-02-24T01:38:38.000Z,2022-02-24 0:45:06,4961,471,371,125,1056,117,2,1,Julia,0.0,0.0,0.0
62547e91a67705b3d7eda0eb,odpi/egeria,GOVERNANCE.md,https://github.com/odpi/egeria/blob/2b0f04f84f0aabe21ac2c574a8748b20182e051f/GOVERNANCE.md,509,183,2018-05-31T12:18:34.000Z,2022-02-21T22:12:43.000Z,2022-02-24 11:10:55,17592,72,2230,108,6010,73,11,2,Java,120839.0,326048.0,5242.0
62547e91a67705b3d7eda0ee,naparuba/shinken,Governance.md,https://github.com/naparuba/shinken/blob/0e51d490449a5d9cb3abbd05d55366dea62deead/Governance.md,1122,350,2010-11-23T11:02:56.000Z,2022-02-20T17:36:03.000Z,2022-02-03 10:42:50,8563,208,1270,387,4367,359,1,1,Python,6666.0,38386.0,367.0
62547e91a67705b3d7eda0ef,withastro/astro,GOVERNANCE.md,https://github.com/withastro/astro/blob/49c6e678c161699d48247283071bb26f6ec605eb/GOVERNANCE.md,10623,517,2021-03-15T17:19:47.000Z,2022-02-24T16:14:49.000Z,2022-02-24 17:43:35,2513,232,1003,420,3291,415,13,5,TypeScript,1007.0,11740.0,140.0
62547e91a67705b3d7eda0f4,Carreau/ipython-wiki,IPEP-29:-Project-Governance.md,https://github.com/Carreau/ipython-wiki/blob/bbf5aad3175e47cf0f6a4a33eadd70380a57aea3/IPEP-29:-Project-Governance.md,21,18,2016-07-29T18:31:27.000Z,2021-10-29T05:10:17.000Z,2016-07-29 18:31:44,1529,296,1,1,1,1,8,3,Python,0.0,0.0,0.0
62547e91a67705b3d7eda0f7,coredns/coredns,GOVERNANCE.md,https://github.com/coredns/coredns/blob/5b9b079dabc7f71463cea3f0c6a92f338935039d/GOVERNANCE.md,8859,1567,2016-03-18T20:56:45.000Z,2022-02-24T09:37:17.000Z,2022-02-22 14:38:58,3160,298,1899,793,7836,743,3,3,Go,1675.0,10324.0,149.0
62547e91a67705b3d7eda0f8,KhronosGroup/Vulkan-LoaderAndValidationLayers,GOVERNANCE.md,https://github.com/KhronosGroup/Vulkan-LoaderAndValidationLayers/blob/25d5884746a2de7b51a8ef3ec88e1cd8066460e8/GOVERNANCE.md,419,173,2016-02-11T10:16:16.000Z,2022-02-08T09:00:05.000Z,2018-05-16 7:51:32,9086,164,972,262,2487,188,3,1,C++,0.0,0.0,0.0
62547e91a67705b3d7eda101,mitsuba-renderer/openexr,GOVERNANCE.md,https://github.com/mitsuba-renderer/openexr/blob/967888b504543b552599f4e1b884a6b89c467ada/GOVERNANCE.md,15,9,2015-07-20T21:20:54.000Z,2021-09-25T22:45:51.000Z,2021-09-08 10:18:30,1784,90,1,1,0,0,8,3,C,0.0,0.0,0.0
62547e91a67705b3d7eda103,fluent/fluent-bit,GOVERNANCE.md,https://github.com/fluent/fluent-bit/blob/37aa680d32384c1179f02ee08a5bef4cd278513e/GOVERNANCE.md,3368,979,2015-01-27T20:41:52.000Z,2022-02-24T02:08:15.000Z,2022-02-24 18:18:14,7697,303,2713,1583,10887,1926,1,1,C,0.0,0.0,0.0
62547e91a67705b3d7eda106,tomopy/tomopy,GOVERNANCE.md,https://github.com/tomopy/tomopy/blob/f26ae62279468683904034f77fbd65f9ebadcd69/GOVERNANCE.md,223,239,2013-11-07T01:29:42.000Z,2022-02-22T22:21:54.000Z,2021-11-23 8:44:24,2264,67,251,118,995,103,3,1,Python,211.0,1543.0,28.0
62547e91a67705b3d7eda108,javaee/jersey,GovernancePolicy.md,https://github.com/javaee/jersey/blob/faa809da43538ce31076b50f969b4bd64caa5ac9/GovernancePolicy.md,2900,2449,2012-05-18T11:38:25.000Z,2022-02-24T07:30:12.000Z,2021-07-20 3:25:29,3167,101,3469,173,15277,143,2,2,Java,16285.0,85450.0,1191.0
62547e91a67705b3d7eda109,fluent/fluentd,GOVERNANCE.md,https://github.com/fluent/fluentd/blob/5844f7209fec154a4e6807eb1bee6989d3f3297f/GOVERNANCE.md,10983,1242,2011-06-19T08:41:40.000Z,2022-02-24T16:07:55.000Z,2022-02-24 14:00:47,6260,250,1845,1168,5905,998,5,2,Ruby,7592.0,55676.0,837.0
62547e91a67705b3d7eda137,openeuler-mirror/community,Governance.md,https://github.com/openeuler-mirror/community/blob/cd5cc50d7c859edb0612abc07c43d9c4ff72e78d/Governance.md,0,1,2020-03-09T10:22:16.000Z,2022-01-07T02:18:52.000Z,2022-02-24 2:09:11,4876,501,3,2,2,1,14,5,Python,544.0,2534.0,22.0
62547e91a67705b3d7eda148,liatrio/backstage-internal,GOVERNANCE.md,https://github.com/liatrio/backstage-internal/blob/72b6092703ae7573b00c09ed0e9b1cef749e2b8c/GOVERNANCE.md,0,0,2020-12-15T17:59:33.000Z,2021-02-12T18:21:30.000Z,2022-02-03 4:06:08,10129,269,1,1,0,0,3,3,TypeScript,3941.0,42259.0,745.0
62547e91a67705b3d7eda15e,Kode/kmake,GOVERNANCE.md,https://github.com/Kode/kmake/blob/1ba88f4621beca72192f083fc41707bee9a488c5/GOVERNANCE.md,6,2,2021-12-27T14:40:21.000Z,2022-01-18T11:38:44.000Z,2022-02-20 14:40:07,35747,3496,15,9,6,4,57,20,JavaScript,18190.0,100919.0,757.0
62547e91a67705b3d7eda165,ConsenSys/teku,GOVERNANCE.md,https://github.com/ConsenSys/teku/blob/d0b9ca1251f453af58c4d01e62dea37b7d6ef80a/GOVERNANCE.md,352,147,2018-09-07T09:30:05.000Z,2022-02-21T04:10:15.000Z,2022-02-24 18:20:13,3421,70,1571,128,1432,94,5,4,Java,8354.0,46753.0,797.0
62547e91a67705b3d7eda16e,pymc-devs/pymc,GOVERNANCE.md,https://github.com/pymc-devs/pymc/blob/afb10f91734cac4f1b8700ea95d9234fc5290670/GOVERNANCE.md,6386,1536,2009-05-05T09:43:50.000Z,2022-02-24T18:00:49.000Z,2022-02-24 14:47:19,8545,386,2595,923,9874,872,12,8,Python,826.0,6227.0,121.0
62547e91a67705b3d7eda17c,zellij-org/zellij,GOVERNANCE.md,https://github.com/zellij-org/zellij/blob/690af2e33d6ecb975883eedc67132701d5ca2019/GOVERNANCE.md,5196,166,2020-09-01T14:04:28.000Z,2022-02-24T21:47:33.000Z,2022-02-24 15:07:42,1674,58,592,244,1928,214,9,9,Rust,28000.0,137610.0,4359.0
62547e91a67705b3d7eda17f,notaryproject/notary,GOVERNANCE.md,https://github.com/notaryproject/notary/blob/1062e481efc6f3b4995fb3b04812ac3a4fe6791e/GOVERNANCE.md,2755,497,2015-06-19T20:07:53.000Z,2022-02-23T17:29:10.000Z,2022-02-11 22:39:03,2987,89,666,206,1483,180,2,2,Go,164993.0,1093138.0,7381.0
62547e91a67705b3d7eda198,vmware-tanzu/velero,GOVERNANCE.md,https://github.com/vmware-tanzu/velero/blob/e9c997839ebbb04688a88ffb981eeb74de51b380/GOVERNANCE.md,6058,1024,2017-08-02T17:22:11.000Z,2022-02-24T18:39:54.000Z,2022-02-24 15:33:23,2871,253,2378,995,8193,1066,2,2,Go,12687.0,83616.0,1387.0
62547e91a67705b3d7eda19b,SBULeeLab/NodeFz,GOVERNANCE.md,https://github.com/SBULeeLab/NodeFz/blob/1ce111e353f423e99b593ca1dfa8643029ae8e37/GOVERNANCE.md,41,9,2017-06-19T18:05:15.000Z,2022-01-07T07:32:41.000Z,2020-08-31 23:16:59,12681,836,1,1,0,0,7,7,JavaScript,0.0,0.0,0.0
62547e91a67705b3d7eda1a0,gopasspw/gopass,GOVERNANCE.md,https://github.com/gopasspw/gopass/blob/d00c29a0e8e521eb32e4564998690430dcc7dbbc/GOVERNANCE.md,4482,406,2017-02-02T12:33:08.000Z,2022-02-23T19:45:31.000Z,2022-02-24 21:07:27,1356,169,969,426,2601,445,1,1,Go,1369.0,8113.0,177.0
62547e91a67705b3d7eda1b5,PixarAnimationStudios/OpenTimelineIO,GOVERNANCE.md,https://github.com/PixarAnimationStudios/OpenTimelineIO/blob/27ed98663fb4e20b9e187f85b34f5a58f9bd60d9/GOVERNANCE.md,998,199,2016-08-23T21:22:18.000Z,2022-02-24T10:01:10.000Z,2022-02-22 1:57:41,576,59,501,110,1366,122,1,1,Python,763.0,4007.0,58.0
62547e91a67705b3d7eda1ce,SeleniumHQ/seleniumhq.github.io,GOVERNANCE.md,https://github.com/SeleniumHQ/seleniumhq.github.io/blob/87d1b4e914e8502b60ce11d0c76c68d54122922d/GOVERNANCE.md,297,508,2019-09-24T09:55:28.000Z,2022-02-24T16:32:01.000Z,2022-02-18 8:32:41,900,119,143,107,294,58,2,2,HTML,0.0,0.0,0.0
62547e91a67705b3d7eda202,kubernetes/community,governance.md,https://github.com/kubernetes/community/blob/6422d8f89f3587c62adcbb41f3090d27b2545275/governance.md,9384,4269,2016-05-03T03:36:05.000Z,2022-02-24T23:30:16.000Z,2022-02-24 16:45:18,11347,1224,1400,527,8361,836,79,26,Jupyter Notebook,30.0,206.0,4.0
62547e91a67705b3d7eda203,bazelbuild/bazel-website,governance.md,https://github.com/bazelbuild/bazel-website/blob/5c577b428515a81cfd6f786acb4087099536778d/governance.md,16,59,2017-04-25T08:52:18.000Z,2021-12-26T20:41:09.000Z,2022-02-17 0:34:37,927,137,52,25,84,22,15,10,HTML,0.0,0.0,0.0
62547e91a67705b3d7eda206,vespa-engine/vespa,GOVERNANCE.md,https://github.com/vespa-engine/vespa/blob/a27152601be60b1097415268e8eaa453b5d5c3f0/GOVERNANCE.md,3819,469,2016-06-03T20:54:20.000Z,2022-02-24T18:45:54.000Z,2022-02-24 22:57:50,60612,98,515,178,1519,148,1,1,Java,11581.0,92018.0,1271.0
62547e91a67705b3d7eda211,keycloak/keycloak,GOVERNANCE.md,https://github.com/keycloak/keycloak/blob/16db810b03b0318779e321dde9ac3ae0cdc1dd86/GOVERNANCE.md,11440,4276,2013-07-02T13:38:51.000Z,2022-02-24T23:34:24.000Z,2022-02-24 20:35:16,14064,699,1131,471,1132,302,7,2,Java,26090.0,176842.0,2362.0
62547e91a67705b3d7eda21d,fluid-cloudnative/fluid,GOVERNANCE.md,https://github.com/fluid-cloudnative/fluid/blob/191cae9d82f94de976c2488ffe14c8a550837b90/GOVERNANCE.md,1009,240,2020-07-11T22:57:18.000Z,2022-02-24T14:48:48.000Z,2022-02-24 13:48:54,1140,172,580,107,276,34,5,2,Go,0.0,0.0,0.0
62547e91a67705b3d7eda225,openebs/maya,GOVERNANCE.md,https://github.com/openebs/maya/blob/5e848b6a86e1e459bd380d633032589e682ceba2/GOVERNANCE.md,178,211,2016-10-06T08:34:13.000Z,2022-02-21T21:05:02.000Z,2021-10-22 5:22:59,1799,171,154,45,134,43,2,2,Go,365020.0,2367818.0,26063.0
62547e91a67705b3d7eda22a,openebs/openebs-docs,GOVERNANCE.md,https://github.com/openebs/openebs-docs/blob/d6b03effe2f95fa87b136b3f45511c073375254c/GOVERNANCE.md,35,139,2018-02-16T12:04:56.000Z,2022-02-23T09:40:56.000Z,2022-02-18 2:49:37,2366,89,134,43,170,47,1,1,JavaScript,369053.0,1856506.0,15896.0
62547e91a67705b3d7eda22e,chaos-mesh/chaos-mesh,GOVERNANCE.md,https://github.com/chaos-mesh/chaos-mesh/blob/579193f80a1ecbdd0b0c5e23aef47261ba47e502/GOVERNANCE.md,4534,565,2019-09-04T02:29:38.000Z,2022-02-24T20:05:24.000Z,2022-02-24 14:38:10,1410,131,1087,252,2750,255,4,2,Go,9307.0,56839.0,2098.0
62547e91a67705b3d7eda233,tardis-sn/tardis,GOVERNANCE.md,https://github.com/tardis-sn/tardis/blob/cc0410ec95066d35971ec0e80fa3c6dd290c4aa6/GOVERNANCE.md,139,281,2011-12-08T06:20:19.000Z,2022-02-24T18:19:28.000Z,2022-02-24 22:29:02,4191,87,511,98,1204,137,1,1,Python,780.0,4183.0,47.0
62547e91a67705b3d7eda25a,alan-turing-institute/the-turing-way,GOVERNANCE.md,https://github.com/alan-turing-institute/the-turing-way/blob/d935b94237e91171eecf64a8163a79bcc0badd34/GOVERNANCE.md,1224,460,2018-11-01T12:32:50.000Z,2022-02-25T00:15:44.000Z,2022-02-24 13:54:49,9314,224,771,164,2116,225,5,2,TeX,0.0,0.0,0.0
62547e91a67705b3d7eda260,carpentries/glosario,GOVERNANCE.md,https://github.com/carpentries/glosario/blob/c600ba7c5994252409feccebc52e2c29110a165b/GOVERNANCE.md,60,132,2020-05-15T16:06:40.000Z,2022-02-17T17:21:36.000Z,2022-02-23 15:05:35,1265,108,79,33,133,28,1,1,SCSS,0.0,0.0,0.0
62547e91a67705b3d7eda272,oam-dev/rudr,governance.md,https://github.com/oam-dev/rudr/blob/f193ac54ca6d5a7ac330a8490fecd5d7cc8659e3/governance.md,1552,140,2019-05-28T15:50:38.000Z,2022-02-24T01:05:39.000Z,2020-09-03 17:21:59,655,50,249,44,475,44,6,2,Rust,397.0,2879.0,41.0
62547e91a67705b3d7eda277,envoyproxy/envoy-wasm,GOVERNANCE.md,https://github.com/envoyproxy/envoy-wasm/blob/ab5d9381fdf92a1efa0b87cff80036b5b3e81198/GOVERNANCE.md,203,87,2019-05-09T22:37:07.000Z,2022-01-12T07:12:59.000Z,2020-10-09 18:27:34,8484,611,204,40,406,35,38,12,C++,35996.0,293439.0,4603.0
62547e91a67705b3d7eda280,nats-io/nats-operator,GOVERNANCE.md,https://github.com/nats-io/nats-operator/blob/eef5976979e500a8077724220abc5ea8c934d9db/GOVERNANCE.md,523,111,2016-12-04T16:07:52.000Z,2022-02-23T16:47:50.000Z,2022-02-11 9:25:59,586,52,137,85,238,82,1,1,Go,290.0,1471.0,24.0
62547e91a67705b3d7eda288,coljs/medellinjs,GOVERNANCE.md,https://github.com/coljs/medellinjs/blob/a7e157655af242f6b6370d2820bcd3b619c1dfc3/GOVERNANCE.md,61,70,2014-02-24T21:04:34.000Z,2021-12-23T03:13:57.000Z,2022-02-11 5:29:47,872,72,146,27,247,53,2,1,JavaScript,0.0,0.0,0.0
62547e91a67705b3d7eda28a,project-open-data/project-open-data.github.io,governance.md,https://github.com/project-open-data/project-open-data.github.io/blob/f136070aa9fea595277f6ebd1cd66f57ff504dfd/governance.md,1133,604,2013-05-09T14:07:53.000Z,2022-02-22T21:01:18.000Z,2022-01-07 0:18:48,1004,91,263,91,843,111,15,8,HTML,327.0,564.0,8.0
62547e91a67705b3d7eda299,horovod/horovod,GOVERNANCE.md,https://github.com/horovod/horovod/blob/2dc2334a6627c9284b6dd6227072c23c1f534ff9/GOVERNANCE.md,12155,2012,2017-08-09T19:39:59.000Z,2022-02-24T22:06:27.000Z,2022-02-24 23:11:09,1161,141,1991,1098,7490,1109,4,1,Python,10326.0,76727.0,1088.0
62547e91a67705b3d7eda2a1,OAI/OpenAPI-Specification,GOVERNANCE.md,https://github.com/OAI/OpenAPI-Specification/blob/54edcf039c9854dcbc4feac1b1990c21972f3ca5/GOVERNANCE.md,23183,8106,2014-03-03T16:53:36.000Z,2022-02-24T21:57:56.000Z,2022-02-24 17:52:17,1928,200,1817,1046,7297,1441,8,3,Markdown,0.0,0.0,0.0
62547e91a67705b3d7eda2a3,linkerd/website,GOVERNANCE.md,https://github.com/linkerd/website/blob/dadc4b73cbf9e07a763803af229147480098ef75/GOVERNANCE.md,28,152,2018-08-16T20:35:56.000Z,2022-01-10T19:06:29.000Z,2022-02-24 23:44:43,1140,150,243,96,301,71,1,1,JavaScript,94.0,467.0,6.0
62547e91a67705b3d7eda2d1,backstage/backstage,GOVERNANCE.md,https://github.com/backstage/backstage/blob/b9436b2ca4970163fcd23afb580ed80cfcf06709/GOVERNANCE.md,15136,2165,2020-01-24T22:39:49.000Z,2022-02-25T01:06:28.000Z,2022-02-25 0:46:02,24804,703,2602,713,8126,785,7,6,TypeScript,35286.0,282882.0,3891.0
62547e91a67705b3d7eda2df,MaxBenefit/solidus,GOVERNANCE.md,https://github.com/MaxBenefit/solidus/blob/d88fff7644945f6b0d63a8041477c7950023fa8b/GOVERNANCE.md,0,0,2021-04-22T20:40:07.000Z,2021-04-22T20:44:03.000Z,2021-04-22 20:43:05,23177,938,1,1,0,0,1,1,Ruby,503.0,2857.0,30.0
62547e91a67705b3d7eda2e1,tidyverse/ggplot2,GOVERNANCE.md,https://github.com/tidyverse/ggplot2/blob/759c63c2fd9e00ba3322c1b74b227f63c98d2e06/GOVERNANCE.md,5285,1824,2008-05-25T01:21:32.000Z,2022-02-25T01:48:11.000Z,2022-02-21 13:52:52,4832,286,3279,1537,9013,1110,6,5,R,0.0,0.0,0.0
62547e91a67705b3d7eda2e4,mdn/browser-compat-data,GOVERNANCE.md,https://github.com/mdn/browser-compat-data/blob/1ab9dcfd6a78a40ab70549ee21a4beba15edef8f/GOVERNANCE.md,3888,1786,2016-03-29T18:50:07.000Z,2022-02-24T17:51:21.000Z,2022-02-24 20:48:12,10896,878,3490,2016,4479,436,22,7,JSON,0.0,0.0,0.0
62547e91a67705b3d7eda2e6,mlpack/mlpack,GOVERNANCE.md,https://github.com/mlpack/mlpack/blob/c3a89f0bd4649bb82e1cbf16df799312d9d45712/GOVERNANCE.md,3921,1411,2014-12-17T18:16:59.000Z,2022-02-24T14:25:38.000Z,2022-02-24 5:21:27,27414,283,1419,504,6422,582,4,3,C++,24825.0,147598.0,2004.0
62547e91a67705b3d7eda2ed,envoyproxy/envoy,GOVERNANCE.md,https://github.com/envoyproxy/envoy/blob/5423325ccf04c7f50069cb8662e51208526bd4a9/GOVERNANCE.md,19040,3559,2016-08-08T15:07:24.000Z,2022-02-25T02:58:51.000Z,2022-02-25 2:53:10,10891,869,7035,2272,27773,2513,50,15,C++,88596.0,711217.0,11452.0
62547e91a67705b3d7eda2f0,nats-io/nats.go,GOVERNANCE.md,https://github.com/nats-io/nats.go/blob/2ea8d393bbd4eb781462695533a0f1bf321ca7e5/GOVERNANCE.md,3800,500,2012-08-15T12:54:59.000Z,2022-02-24T16:08:24.000Z,2022-02-23 0:11:20,1532,83,361,211,1090,180,1,1,Go,9085.0,54957.0,1109.0
62547e91a67705b3d7eda2f5,grafana/agent,GOVERNANCE.md,https://github.com/grafana/agent/blob/53894b6b34fb3b6c5c210233e7ff17df15b0d765/GOVERNANCE.md,591,151,2019-11-25T19:06:47.000Z,2022-02-24T09:02:52.000Z,2022-02-24 23:19:36,748,88,658,166,1149,142,2,1,Go,9818.0,60510.0,970.0
62547e91a67705b3d7eda2ff,EthicalSource/contributor_covenant,GOVERNANCE.md,https://github.com/EthicalSource/contributor_covenant/blob/263b100c04a3fd8b2ee9993d4b258afe2d6ac22b/GOVERNANCE.md,1334,1034,2014-01-30T00:56:37.000Z,2022-02-22T09:10:41.000Z,2022-02-23 18:13:01,1836,434,204,139,448,156,5,2,CSS,0.0,0.0,0.0
62547e91a67705b3d7eda308,antrea-io/antrea,GOVERNANCE.md,https://github.com/antrea-io/antrea/blob/b6d7b618632e368206c749b6ac210b7eb10ebb91/GOVERNANCE.md,1212,245,2019-10-25T00:42:23.000Z,2022-02-25T01:18:33.000Z,2022-02-25 2:11:48,2082,96,981,120,2299,133,5,1,Go,18061.0,105520.0,2029.0
62547e91a67705b3d7eda309,openyurtio/openyurt,GOVERNANCE.md,https://github.com/openyurtio/openyurt/blob/ac899d4db4540b7e63d1e11a9f78612f033056ab/GOVERNANCE.md,1123,258,2020-05-21T08:54:43.000Z,2022-02-24T13:13:39.000Z,2022-02-24 10:50:49,515,67,298,96,924,100,5,3,Go,17215.0,86212.0,1562.0
62547e91a67705b3d7eda318,amundsen-io/amundsen,GOVERNANCE.md,https://github.com/amundsen-io/amundsen/blob/699652f7e9a884a05000a9ca00bce72179cfa593/GOVERNANCE.md,3086,759,2019-05-14T15:12:40.000Z,2022-02-25T01:48:03.000Z,2022-02-25 2:03:41,2453,198,588,281,1953,261,3,2,Python,92924.0,451934.0,1793.0
62547e91a67705b3d7eda31f,nats-io/k8s,GOVERNANCE.md,https://github.com/nats-io/k8s/blob/90a23506c0e5eba12034afc9bdffef9a257b0d7b/GOVERNANCE.md,229,188,2019-07-22T17:39:02.000Z,2022-02-25T04:54:30.000Z,2022-02-21 18:57:15,766,106,182,106,250,79,1,1,Go,177.0,783.0,12.0
62547e91a67705b3d7eda329,jaegertracing/jaeger,GOVERNANCE.md,https://github.com/jaegertracing/jaeger/blob/7872d1b07439c3f2d316065b1fd53e885b26a66f/GOVERNANCE.md,15237,1835,2016-04-15T18:49:02.000Z,2022-02-25T03:02:11.000Z,2022-02-25 4:06:46,1643,239,1494,621,5411,759,7,3,Go,5103.0,28683.0,618.0
62547e91a67705b3d7eda32f,arviz-devs/arviz,GOVERNANCE.md,https://github.com/arviz-devs/arviz/blob/e8e9f7925447eaf0a1af2d12c9e07806ac63c956/GOVERNANCE.md,1170,266,2015-07-29T11:51:10.000Z,2022-02-24T21:10:57.000Z,2022-02-23 15:15:27,1370,117,710,177,2091,214,10,3,Python,1094.0,7099.0,104.0
62547e91a67705b3d7eda336,tektoncd/community,governance.md,https://github.com/tektoncd/community/blob/4f23bbfa3de1986e2d693b5401b3c5c4825d9f86/governance.md,231,157,2019-03-21T16:46:43.000Z,2022-02-21T03:07:51.000Z,2022-02-23 20:16:11,584,110,70,31,211,35,25,8,Python,0.0,0.0,0.0
62547e91a67705b3d7eda338,rook/rook,GOVERNANCE.md,https://github.com/rook/rook/blob/d73093883b48b746d9c2c2a5e735c04503026581/GOVERNANCE.md,9594,2236,2016-07-08T22:45:05.000Z,2022-02-25T02:55:31.000Z,2022-02-24 21:24:57,8393,420,3974,1311,15183,1661,4,3,Go,5357.0,37686.0,629.0
62547e91a67705b3d7eda33e,layer5io/layer5,GOVERNANCE.md,https://github.com/layer5io/layer5/blob/9e3c101dd2032e82842ffaffdb0795287c5dd22f/GOVERNANCE.md,274,391,2018-06-07T02:30:12.000Z,2022-02-24T15:05:29.000Z,2022-02-24 14:37:34,6867,310,1000,124,3373,363,3,2,JavaScript,3512.0,43912.0,433.0
62547e91a67705b3d7eda340,wp-cli/handbook,governance.md,https://github.com/wp-cli/handbook/blob/a158dfb79683a168ce900697bcc0e4f22c837523/governance.md,146,267,2017-01-19T16:52:02.000Z,2022-02-23T03:41:48.000Z,2022-02-21 22:16:22,1223,174,71,28,105,25,13,5,PHP,0.0,0.0,0.0
62547e91a67705b3d7eda341,nodejs/node,GOVERNANCE.md,https://github.com/nodejs/node/blob/a199387f045aa55b58c6d2e52bb69bf32c9d3d5e/GOVERNANCE.md,85775,22861,2014-11-26T19:57:11.000Z,2022-02-25T03:06:31.000Z,2022-02-25 3:21:14,35897,3517,14364,7005,83183,9304,57,20,JavaScript,0.0,0.0,0.0
62547e91a67705b3d7eda342,cri-o/cri-o,GOVERNANCE.md,https://github.com/cri-o/cri-o/blob/d0df46cfca75c8bc2934ee24c33fbdc933962556/GOVERNANCE.md,3834,742,2016-09-09T19:56:31.000Z,2022-02-24T14:59:40.000Z,2022-02-24 23:36:49,6797,233,997,420,4643,469,2,1,Go,514443.0,3112050.0,36632.0
62547e91a67705b3d7eda353,prometheus-operator/prometheus-operator,governance.md,https://github.com/prometheus-operator/prometheus-operator/blob/f2298399934c36fc44434c93e3b9e5e67f03eebc/governance.md,6653,2954,2016-09-22T21:38:06.000Z,2022-02-25T01:22:03.000Z,2022-02-24 9:50:25,4948,519,2184,1320,8698,1497,4,3,Go,15923.0,76775.0,1333.0
62547e91a67705b3d7eda35a,nodejs/perfetto-nodejs-wip,GOVERNANCE.md,https://github.com/nodejs/perfetto-nodejs-wip/blob/30024a49d9d11609e2a57465c725d210043d7112/GOVERNANCE.md,3,7,2019-04-10T20:50:38.000Z,2020-03-23T01:53:12.000Z,2020-03-19 21:59:55,29912,3089,2,2,0,0,45,14,JavaScript,0.0,0.0,0.0
62547e91a67705b3d7eda35e,mozilla/spiderweb-spidernode,GOVERNANCE.md,https://github.com/mozilla/spiderweb-spidernode/blob/e7efd2b735946ab8795df4ca4657dc68bc6a77af/GOVERNANCE.md,1,3,2016-10-18T18:58:16.000Z,2019-06-24T07:03:52.000Z,2019-06-20 18:15:23,15632,1135,3,3,2,2,14,8,JavaScript,0.0,0.0,0.0
62547e91a67705b3d7eda36a,nodejs/http2,GOVERNANCE.md,https://github.com/nodejs/http2/blob/734ad72e3939e62bcff0f686b8ec426b8aaa22e3/GOVERNANCE.md,514,81,2016-08-16T18:23:26.000Z,2022-01-25T02:59:03.000Z,2017-08-04 17:20:41,18207,1624,82,23,236,36,22,8,JavaScript,0.0,0.0,0.0
62547e91a67705b3d7eda36e,astropy/astropy,GOVERNANCE.md,https://github.com/astropy/astropy/blob/4a146f7bb43facb07f782c75188b2d2a559cd6d6/GOVERNANCE.md,3156,1468,2011-07-21T01:33:49.000Z,2022-02-24T14:05:48.000Z,2022-02-24 23:49:14,33068,482,5092,918,23512,932,1,1,Python,4472.0,34007.0,445.0
62547e91a67705b3d7eda384,vmware-tanzu/carvel,GOVERNANCE.md,https://github.com/vmware-tanzu/carvel/blob/9f2d5d7bebf84709772883d637a2a73b29732599/GOVERNANCE.md,138,44,2019-04-24T19:24:20.000Z,2022-02-21T14:16:46.000Z,2022-02-25 6:28:38,1034,56,59,18,103,19,5,3,HTML,0.0,0.0,0.0
62547e91a67705b3d7eda398,AcademySoftwareFoundation/openexr,GOVERNANCE.md,https://github.com/AcademySoftwareFoundation/openexr/blob/566087f13259f4429d55125d1001b2696ac2bfc3/GOVERNANCE.md,1181,486,2012-02-24T06:30:00.000Z,2022-02-24T02:56:56.000Z,2022-02-24 22:00:21,2123,104,402,225,1178,190,9,3,C,0.0,0.0,0.0
62547e91a67705b3d7eda39a,nats-io/nats-server,GOVERNANCE.md,https://github.com/nats-io/nats-server/blob/fd9e9480dad9498ed8109e659fc8ed5c9b2a1b41/GOVERNANCE.md,10538,1035,2012-10-29T16:12:24.000Z,2022-02-25T08:56:31.000Z,2022-02-25 2:27:15,5531,110,954,444,3200,387,3,1,Go,17503.0,110522.0,1688.0
62547e91a67705b3d7eda3a0,KhronosGroup/Vulkan-ValidationLayers,GOVERNANCE.md,https://github.com/KhronosGroup/Vulkan-ValidationLayers/blob/1e4ea30a1df34fb755ef722d4dc83205170abfbd/GOVERNANCE.md,404,264,2018-05-03T19:59:43.000Z,2022-02-23T18:12:50.000Z,2022-02-24 22:02:42,12349,283,1180,422,3381,342,6,3,C++,47240.0,334236.0,5269.0
62547e91a67705b3d7eda3a4,emissary-ingress/emissary,GOVERNANCE.md,https://github.com/emissary-ingress/emissary/blob/54b7db954547efcddf718b9c06533659dafaa29d/GOVERNANCE.md,3666,590,2017-03-30T19:22:52.000Z,2022-02-25T03:19:49.000Z,2022-02-24 22:47:22,17115,247,1460,685,3467,764,1,1,Python,2509.0,10590.0,140.0
62547e91a67705b3d7eda3a5,fastify/fastify,GOVERNANCE.md,https://github.com/fastify/fastify/blob/d904fce65f0a173e900461412c3905aa30388918/GOVERNANCE.md,22257,1649,2016-09-28T19:10:14.000Z,2022-02-25T08:34:08.000Z,2022-02-24 7:32:41,3168,486,1362,660,6096,697,3,3,JavaScript,7142.0,40574.0,686.0
62547e91a67705b3d7eda3a8,bazelbuild/rules_scala,Governance.md,https://github.com/bazelbuild/rules_scala/blob/3d22381f820819f30e6d2cb74351733bc90f6cf9/Governance.md,298,231,2016-02-17T14:57:24.000Z,2022-02-22T13:39:05.000Z,2022-02-24 20:34:05,878,145,478,158,1977,193,3,1,Starlark,0.0,0.0,0.0
62547e91a67705b3d7eda3ae,apolloconfig/apollo,GOVERNANCE.md,https://github.com/apolloconfig/apollo/blob/aa9b7ebd01f860c20df9c14129dbbc35cb9d989c/GOVERNANCE.md,26349,9652,2016-03-04T10:24:23.000Z,2022-02-25T07:41:51.000Z,2022-02-18 0:45:55,2667,130,2736,1723,8573,1544,2,1,Java,1597.0,9515.0,134.0
62547e91a67705b3d7eda3b4,service-mesh-performance/service-mesh-performance,GOVERNANCE.md,https://github.com/service-mesh-performance/service-mesh-performance/blob/ac4659e80c7b5b6b849fd56fba26011a4dcaa898/GOVERNANCE.md,209,98,2019-02-02T23:06:37.000Z,2022-02-22T03:33:53.000Z,2022-02-08 3:46:19,645,74,135,29,337,86,3,1,Makefile,0.0,0.0,0.0
62547e91a67705b3d7eda3c1,edgexfoundry/edgex-docs,GOVERNANCE.md,https://github.com/edgexfoundry/edgex-docs/blob/6167bb670ba607c76abccf832dc22f687cd4644f/GOVERNANCE.md,30,62,2019-06-20T14:16:08.000Z,2022-01-11T10:47:44.000Z,2022-02-24 18:55:08,703,55,321,51,172,35,1,1,HTML,0.0,0.0,0.0
62547e91a67705b3d7eda3c7,vmware-tanzu/carvel-kapp,GOVERNANCE.md,https://github.com/vmware-tanzu/carvel-kapp/blob/5840acde70ed3d0ca4f619ab5224f741bdf70a5f/GOVERNANCE.md,618,74,2019-03-15T21:49:25.000Z,2022-02-21T22:21:22.000Z,2022-02-25 10:30:51,741,52,253,112,732,109,1,1,Go,466469.0,2766261.0,30436.0
62547e91a67705b3d7eda3c8,bentoml/BentoML,GOVERNANCE.md,https://github.com/bentoml/BentoML/blob/d6615a01400ee208560ea4892c700ef49df5d00e/GOVERNANCE.md,3255,377,2019-04-02T01:39:27.000Z,2022-02-25T04:55:54.000Z,2022-02-25 10:53:11,1576,103,562,203,1439,181,4,3,Python,2175.0,12053.0,159.0
62547e91a67705b3d7eda3c9,spotbugs/spotbugs,GOVERNANCE.md,https://github.com/spotbugs/spotbugs/blob/1f72232b5526c1f6c608d636f0e855239f4c2758/GOVERNANCE.md,2637,455,2016-11-04T22:18:08.000Z,2022-02-25T10:46:11.000Z,2022-02-21 12:22:55,16746,158,893,511,2482,552,1,1,Java,1921.0,11840.0,181.0
62547e91a67705b3d7eda3df,AcademySoftwareFoundation/OpenShadingLanguage,GOVERNANCE.md,https://github.com/AcademySoftwareFoundation/OpenShadingLanguage/blob/2120647911af732f0d12d70e2f7f4e1ebe8fadcb/GOVERNANCE.md,1642,306,2011-03-10T02:44:05.000Z,2022-02-25T09:04:27.000Z,2022-02-25 8:32:08,2701,73,161,101,457,75,6,2,C++,7614.0,60202.0,797.0
62547e91a67705b3d7eda3e0,vmware-tanzu/tanzu-framework,GOVERNANCE.md,https://github.com/vmware-tanzu/tanzu-framework/blob/b9218aded61ff9628850cd9a42f702b1a7f0ed79/GOVERNANCE.md,138,104,2021-06-25T14:51:58.000Z,2022-02-24T18:53:50.000Z,2022-02-25 9:49:46,815,94,887,131,787,109,3,3,Go,1713.0,11162.0,125.0
62547e91a67705b3d7eda3e9,chef/chef-oss-practices,governance.md,https://github.com/chef/chef-oss-practices/blob/9e6057514a3aa096d0c3b79c08bf38929013f848/governance.md,70,37,2018-12-07T17:31:21.000Z,2022-02-23T17:16:25.000Z,2022-02-21 17:25:12,784,54,93,16,208,24,21,8,Ruby,0.0,0.0,0.0
62547e91a67705b3d7eda3f4,vmware-tanzu/community-edition,GOVERNANCE.md,https://github.com/vmware-tanzu/community-edition/blob/735bfd0df8111688ec18a0079f27b751f5d12c58/GOVERNANCE.md,943,178,2020-10-13T19:01:34.000Z,2022-02-25T04:57:51.000Z,2022-02-25 0:36:07,2323,119,1453,202,2976,193,5,5,Go,22278.0,110134.0,846.0
62547e91a67705b3d7eda3f7,AcademySoftwareFoundation/OpenColorIO,GOVERNANCE.md,https://github.com/AcademySoftwareFoundation/OpenColorIO/blob/b2e88b195c1e1a82a51818e0a4aa2975e03b6a88/GOVERNANCE.md,1252,335,2010-07-14T18:22:06.000Z,2022-02-25T09:31:01.000Z,2022-02-23 11:52:22,1358,84,575,122,1362,140,10,2,C++,13764.0,93981.0,1395.0
62547e91a67705b3d7eda3fb,keycloak-poc/keycloak,GOVERNANCE.md,https://github.com/keycloak-poc/keycloak/blob/38d817b7b98aba192a4fe5cbaa73188da2f59fde/GOVERNANCE.md,0,1,2022-02-10T17:54:34.000Z,2022-02-10T18:11:07.000Z,2022-02-24 22:38:02,14037,695,1,1,0,0,7,2,Java,25082.0,172145.0,2344.0
62547e91a67705b3d7eda405,vscode-kubernetes-tools/vscode-kubernetes-tools,GOVERNANCE.md,https://github.com/vscode-kubernetes-tools/vscode-kubernetes-tools/blob/92582a57ce722e166d25482b443c37a58d16305a/GOVERNANCE.md,463,192,2017-07-25T04:12:07.000Z,2022-02-25T11:49:28.000Z,2022-02-21 11:54:46,565,72,559,302,1498,278,1,1,TypeScript,3484.0,12050.0,373.0
62547e91a67705b3d7eda410,linkerd/linkerd,GOVERNANCE.md,https://github.com/linkerd/linkerd/blob/4389c8c8e5fad27384f53fea91e5b8ef1bbaca38/GOVERNANCE.md,5386,526,2016-01-13T22:14:52.000Z,2022-02-20T01:25:20.000Z,2022-02-13 13:41:18,1431,111,1058,293,2695,288,2,2,Scala,2485.0,17504.0,266.0
62547e91a67705b3d7eda414,nodejs/node-chakracore,GOVERNANCE.md,https://github.com/nodejs/node-chakracore/blob/770c8dcd1bc3e0fce2d4497b4eec3fe49d829d43/GOVERNANCE.md,1909,371,2015-11-25T19:09:26.000Z,2022-02-14T15:52:27.000Z,2019-12-21 12:00:40,26728,2740,269,95,691,98,30,12,JavaScript,0.0,0.0,0.0
62547e91a67705b3d7eda41f,nodejs/node-convergence-archive,GOVERNANCE.md,https://github.com/nodejs/node-convergence-archive/blob/e11fe0c2777561827cdb7207d46b0917ef3c42a7/GOVERNANCE.md,1868,128,2015-04-30T20:50:00.000Z,2022-02-25T06:44:34.000Z,2015-11-20 3:04:44,11584,802,62,21,322,38,5,5,JavaScript,0.0,0.0,0.0
62547e91a67705b3d7eda421,MDAnalysis/mdanalysis,GOVERNANCE.md,https://github.com/MDAnalysis/mdanalysis/blob/3e249fe7173e68bb61d4ad7a2dfd316014760410/GOVERNANCE.md,750,395,2015-04-04T00:39:41.000Z,2022-02-22T07:18:47.000Z,2022-02-24 1:34:48,6307,164,1801,260,7064,276,1,1,Python,1924.0,13870.0,348.0
62547e91a67705b3d7eda424,solidusio/solidus,GOVERNANCE.md,https://github.com/solidusio/solidus/blob/e878076f2ed670d07654ab6293a16588743f2fa6/GOVERNANCE.md,4080,1156,2015-02-18T20:41:58.000Z,2022-02-25T06:37:14.000Z,2022-02-24 14:42:12,24039,975,915,346,2456,351,3,2,Ruby,1584.0,8688.0,115.0
62547e91a67705b3d7eda429,nodejs/docker-node,GOVERNANCE.md,https://github.com/nodejs/docker-node/blob/fcb6197ed3b8e96a8842bc18d955369588243ff8/GOVERNANCE.md,7007,1706,2014-12-12T16:48:48.000Z,2022-02-25T08:42:29.000Z,2022-02-25 7:04:53,1617,100,728,577,2846,725,5,4,Dockerfile,0.0,0.0,0.0
62547e91a67705b3d7eda439,tldr-pages/tldr,GOVERNANCE.md,https://github.com/tldr-pages/tldr/blob/5ff5ff69e266952d82fa2a69024b3f5b296e1eb3/GOVERNANCE.md,37396,3050,2013-12-08T07:34:43.000Z,2022-02-25T11:41:23.000Z,2022-02-25 13:22:12,9974,1823,895,386,3557,333,16,2,Markdown,0.0,0.0,0.0
62547e91a67705b3d7eda43e,nodejs/undici,GOVERNANCE.md,https://github.com/nodejs/undici/blob/1c2259cf7a89ed427cf915719ee301ef7751b4eb/GOVERNANCE.md,3254,191,2018-05-11T22:07:48.000Z,2022-02-25T10:01:36.000Z,2022-02-25 13:31:04,1691,102,513,112,1680,139,2,2,JavaScript,9985.0,52812.0,910.0
62547e91a67705b3d7eda450,dlminvestments/dlm-etcd,GOVERNANCE.md,https://github.com/dlminvestments/dlm-etcd/blob/69015027b6164801a0f02f050a92bb1e460d28fa/GOVERNANCE.md,0,0,2021-09-24T02:00:50.000Z,2021-12-20T03:36:26.000Z,2022-02-20 8:52:37,17561,762,2,2,0,0,2,1,Go,12240.0,70196.0,2142.0
62547e91a67705b3d7eda451,tern-tools/tern,GOVERNANCE.md,https://github.com/tern-tools/tern/blob/6a2abfe090e4439a8c77a7a9b55f79fc0cce87ee/GOVERNANCE.md,667,162,2017-11-27T23:32:17.000Z,2022-02-25T11:14:45.000Z,2022-02-24 22:41:58,1047,69,475,82,1010,108,1,1,Python,81.0,466.0,6.0
62547e91a67705b3d7eda458,nodejs/build,GOVERNANCE.md,https://github.com/nodejs/build/blob/09308290d8401e15fcd3f7f5c6610a6ea13df75a/GOVERNANCE.md,397,159,2014-08-07T21:20:06.000Z,2022-02-21T07:48:26.000Z,2022-02-24 21:53:58,1248,70,1895,171,10257,386,5,4,Shell,0.0,0.0,0.0
62547e91a67705b3d7eda476,nvm-sh/nvm,GOVERNANCE.md,https://github.com/nvm-sh/nvm/blob/7b530edd3a2a3ebc976c455394f7245827194da7/GOVERNANCE.md,55654,5836,2010-04-15T17:47:47.000Z,2022-02-25T14:53:05.000Z,2022-02-17 9:52:56,2064,347,1731,1456,9417,2272,1,1,Shell,0.0,0.0,0.0
62547e91a67705b3d7eda47b,linkerd/linkerd2,GOVERNANCE.md,https://github.com/linkerd/linkerd2/blob/bf2d7d0140d702079600a9df2d7e31c81fc12739/GOVERNANCE.md,8123,950,2017-12-04T23:16:56.000Z,2022-02-25T09:37:25.000Z,2022-02-25 16:05:46,4055,245,3070,724,10070,869,5,4,Go,4472.0,24143.0,341.0
62547e91a67705b3d7eda47d,strimzi/strimzi-kafka-operator,GOVERNANCE.md,https://github.com/strimzi/strimzi-kafka-operator/blob/22b4538eb8dc065ab8230338a2c96bfddbc28d04/GOVERNANCE.md,2977,818,2016-05-06T08:52:33.000Z,2022-02-25T11:38:38.000Z,2022-02-25 14:42:13,4407,165,1776,693,4188,533,3,3,Java,41374.0,423570.0,6108.0
62547e91a67705b3d7eda492,bfenetworks/bfe,GOVERNANCE.md,https://github.com/bfenetworks/bfe/blob/7a9c6fc55820109626900361c512258aa8848a48/GOVERNANCE.md,5305,871,2019-07-31T02:33:55.000Z,2022-02-24T07:40:32.000Z,2022-02-14 6:29:07,1092,92,263,85,238,57,7,2,Go,1558.0,7786.0,98.0
62547e91a67705b3d7eda49a,dlminvestments/dlm-CoreDNS,GOVERNANCE.md,https://github.com/dlminvestments/dlm-CoreDNS/blob/57c3835e201c7dd74df33d7073f3d239f0d3f776/GOVERNANCE.md,0,0,2021-09-22T02:17:55.000Z,2022-01-08T02:05:31.000Z,2022-02-24 20:43:42,3418,276,2,2,0,0,3,3,Go,1619.0,9794.0,135.0
62547e91a67705b3d7eda4a4,openkruise/kruise,GOVERNANCE.md,https://github.com/openkruise/kruise/blob/96371e2e7d6ca71d6c140e4c7f6a8ebfc3494ab4/GOVERNANCE.md,2982,485,2019-05-30T22:23:45.000Z,2022-02-25T08:06:09.000Z,2022-02-25 6:41:39,599,78,315,166,853,152,3,2,Go,35033.0,233575.0,3730.0
62547e91a67705b3d7eda4a7,KhronosGroup/Vulkan-Loader,GOVERNANCE.md,https://github.com/KhronosGroup/Vulkan-Loader/blob/8c45e953d0a89dd5ac0a1c6b97fe81a135307ff4/GOVERNANCE.md,307,177,2018-05-03T19:59:26.000Z,2022-02-24T04:20:52.000Z,2022-02-23 20:59:30,3754,187,317,156,965,155,5,3,C,0.0,0.0,0.0
62547e91a67705b3d7eda4aa,LINCnil/pia,GOVERNANCE.md,https://github.com/LINCnil/pia/blob/a54a3a32dc60f4b00979bb2e3a7e00d6c1f93980/GOVERNANCE.md,202,257,2017-11-21T16:02:37.000Z,2022-02-23T16:23:47.000Z,2022-02-22 13:07:44,2130,52,125,101,445,108,4,2,TypeScript,770.0,3907.0,47.0
62547e91a67705b3d7eda4ab,kubeapps/kubeapps,GOVERNANCE.md,https://github.com/kubeapps/kubeapps/blob/b836f88fabecb76436a68f3e6ca67dd67bd1e705/GOVERNANCE.md,3101,596,2017-10-19T14:14:34.000Z,2022-02-25T02:14:15.000Z,2022-02-25 15:53:01,3272,88,1230,287,3368,265,3,3,Go,23685.0,188393.0,3843.0
62547e91a67705b3d7eda4b2,nodejs/node-auto-test,GOVERNANCE.md,https://github.com/nodejs/node-auto-test/blob/0367b5c35ea0f98b323175a4aaa8e651af7a91e7/GOVERNANCE.md,11,24,2017-10-24T05:54:55.000Z,2022-01-03T18:03:48.000Z,2022-02-24 6:38:15,35719,3500,8,2,7,2,57,20,JavaScript,16277.0,92689.0,560.0
62547e91a67705b3d7eda4b5,vmware-tanzu/carvel-ytt,GOVERNANCE.md,https://github.com/vmware-tanzu/carvel-ytt/blob/204e920444c69821063e213a42516f844771e40e/GOVERNANCE.md,1009,87,2019-03-01T00:13:56.000Z,2022-02-24T04:53:49.000Z,2022-02-25 18:15:47,1011,54,414,143,1049,129,1,1,Go,1834.0,10011.0,144.0
62547e91a67705b3d7eda4c6,volcano-sh/volcano,GOVERNANCE.md,https://github.com/volcano-sh/volcano/blob/2734a21bb4df0860257c1238cc9f3e7c5ff32705/GOVERNANCE.md,2212,483,2019-03-14T09:47:29.000Z,2022-02-25T08:45:36.000Z,2022-02-23 7:37:38,4157,179,866,213,3263,212,2,2,Go,5611.0,35372.0,501.0
62547e91a67705b3d7eda4c9,grafana/tempo,GOVERNANCE.md,https://github.com/grafana/tempo/blob/95e3c82416af6d443d260a04b898dbcb95d9636b/GOVERNANCE.md,1874,175,2020-01-24T18:05:02.000Z,2022-02-24T00:40:08.000Z,2022-02-25 17:03:16,1517,76,406,97,747,104,7,1,Go,491736.0,3032913.0,29247.0
62547e91a67705b3d7eda4e7,libuv/ci-tmp-libuv-node,GOVERNANCE.md,https://github.com/libuv/ci-tmp-libuv-node/blob/0ff62b4e03fe7ab7b3022f8bf316d691e6fffb54/GOVERNANCE.md,4,11,2018-04-04T12:52:57.000Z,2022-01-04T13:47:08.000Z,2022-02-24 16:20:36,35806,3507,1,1,0,0,44,13,JavaScript,0.0,0.0,0.0
62547e91a67705b3d7eda4e9,maistra/envoy,GOVERNANCE.md,https://github.com/maistra/envoy/blob/45a427f842c05103b63fcc0e186c1d5fcb61c2db/GOVERNANCE.md,4,15,2020-02-11T17:24:41.000Z,2021-12-10T10:49:44.000Z,2022-02-25 8:03:42,9983,791,9,5,4,3,45,14,C++,71978.0,559377.0,8419.0
62547e91a67705b3d7eda4fa,webdriverio/webdriverio,GOVERNANCE.md,https://github.com/webdriverio/webdriverio/blob/79c397936d525ddcb096a19a298e03e0587f463e/GOVERNANCE.md,7376,2059,2011-08-30T19:02:35.000Z,2022-02-25T11:33:27.000Z,2022-02-25 11:26:33,3869,412,4319,2324,14779,2367,11,4,TypeScript,2996.0,23073.0,340.0
62547e91a67705b3d7eda50e,gardener/documentation,GOVERNANCE.md,https://github.com/gardener/documentation/blob/f5c48ddc4d367074e8a714de0f95d0cd3ad05c1a/GOVERNANCE.md,30,52,2017-12-04T10:49:55.000Z,2022-01-06T09:07:34.000Z,2022-02-22 19:26:50,958,60,50,32,107,28,2,2,Shell,0.0,0.0,0.0
62547e91a67705b3d7eda516,dapr/dapr,GOVERNANCE.md,https://github.com/dapr/dapr/blob/e782c30436c27537ca86e1a97a0f0405bb8f4a22/GOVERNANCE.md,17079,1261,2019-06-19T00:49:06.000Z,2022-02-26T02:15:00.000Z,2022-02-25 21:02:51,2886,176,2047,548,6171,608,3,3,Go,29491.0,240010.0,3842.0
62547e91a67705b3d7eda517,hyperledger/cactus,GOVERNANCE.md,https://github.com/hyperledger/cactus/blob/e8be08842f6664c4e82a06383f9274b1a024d3bf/GOVERNANCE.md,217,159,2019-10-21T16:06:38.000Z,2022-02-25T01:55:11.000Z,2022-02-25 20:02:29,1031,67,943,46,777,79,4,3,TypeScript,58203.0,340315.0,5719.0
62547e91a67705b3d7eda51b,grpc/grpc,GOVERNANCE.md,https://github.com/grpc/grpc/blob/2d4f3c56001cd1e1f85734b2f7c5ce5f2797c38a/GOVERNANCE.md,33448,8805,2014-12-08T18:58:53.000Z,2022-02-26T03:44:07.000Z,2022-02-26 1:32:36,50677,780,10092,3492,27929,4278,1,1,C++,78532.0,643557.0,10107.0
62547e91a67705b3d7eda520,kiali/kiali,GOVERNANCE.md,https://github.com/kiali/kiali/blob/d0ba2929f9e9ba94be807d7c2d58c5f027f44ec9/GOVERNANCE.md,2749,387,2018-02-04T12:11:57.000Z,2022-02-25T03:32:12.000Z,2022-02-25 22:19:34,6121,97,2310,441,7659,399,5,4,Go,12201.0,83583.0,1156.0
62547e91a67705b3d7eda529,opencontainers/runtime-spec,GOVERNANCE.md,https://github.com/opencontainers/runtime-spec/blob/a3c33d663ebc56c4d35dbceaa447c7bf37f6fab3/GOVERNANCE.md,2399,461,2015-06-05T23:30:10.000Z,2022-02-26T01:38:52.000Z,2022-02-25 20:39:53,1467,109,200,94,859,102,3,3,Go,0.0,0.0,0.0
62547e91a67705b3d7eda52a,OpenRefine/OpenRefine,GOVERNANCE.md,https://github.com/OpenRefine/OpenRefine/blob/545b4b97d368b4ba51c0791ebb49ba9fcdb06d0b/GOVERNANCE.md,8657,1625,2012-10-15T02:22:48.000Z,2022-02-25T13:40:02.000Z,2022-02-26 8:30:25,6540,274,2483,487,7781,546,8,4,Java,3919.0,24906.0,370.0
62547e91a67705b3d7eda530,cds-hooks/docs,GOVERNANCE.md,https://github.com/cds-hooks/docs/blob/2bfd5cf4281a68e291fd488f1fda19a1ecfa7316/GOVERNANCE.md,140,48,2016-05-03T11:47:01.000Z,2022-02-23T14:26:58.000Z,2022-02-08 2:03:00,1482,89,326,41,966,57,6,3,Procfile,0.0,0.0,0.0
62547e91a67705b3d7eda538,alan-turing-institute/sktime,GOVERNANCE.md,https://github.com/alan-turing-institute/sktime/blob/abe82192f72f6c91d4c6323fbb5baf7d194b3032/GOVERNANCE.md,4993,772,2018-11-06T15:08:24.000Z,2022-02-26T21:54:14.000Z,2022-02-26 21:57:57,2413,158,958,265,3291,294,1,1,Python,12459.0,48107.0,581.0
62547e91a67705b3d7eda53b,Kleberson1/backstage,GOVERNANCE.md,https://github.com/Kleberson1/backstage/blob/0f2f2f344649b27f6cfb24129c11fbbddf23b0f7/GOVERNANCE.md,0,0,2021-11-15T14:31:39.000Z,2021-12-30T19:58:49.000Z,2021-12-30 19:58:47,18845,547,1,1,0,0,4,4,TypeScript,8584.0,75023.0,1187.0
62547e91a67705b3d7eda545,gatsbyjs/gatsby,GOVERNANCE.md,https://github.com/gatsbyjs/gatsby/blob/4cb514f7a545a0afa0b718e07f7c75688122f225/GOVERNANCE.md,52455,10157,2015-05-21T22:43:05.000Z,2022-03-03T19:40:54.000Z,2022-03-03 22:09:48,19994,4033,13346,6416,57572,10242,1,1,JavaScript,11352.0,53415.0,739.0
62547e91a67705b3d7eda551,vitessio/vitess,GOVERNANCE.md,https://github.com/vitessio/vitess/blob/74a46780f696992616a4c2836fa51ac9ccc19c70/GOVERNANCE.md,13510,1714,2013-06-27T21:20:28.000Z,2022-03-04T01:52:15.000Z,2022-03-04 1:03:24,30873,358,2255,442,3895,389,8,5,Go,0.0,0.0,0.0
62547e91a67705b3d7eda559,grafana/grafana,GOVERNANCE.md,https://github.com/grafana/grafana/blob/23956557d8c6a119b7de5be5c42024e29634d002/GOVERNANCE.md,47277,9357,2013-12-11T15:59:56.000Z,2022-03-05T16:57:09.000Z,2022-03-05 14:06:32,34136,1786,23609,10069,68915,14285,17,11,TypeScript,40005.0,327476.0,4645.0
